-- *****************************************************************************
-- This script contains INSERT statements for populating tables with seed data
-- *****************************************************************************

BEGIN;

-- Insert contact preferences
INSERT INTO contact_preference_type (contact_preference_type_id, contact_preference_type_name) VALUES (1, 'Home');
INSERT INTO contact_preference_type (contact_preference_type_id, contact_preference_type_name) VALUES (2, 'Work');
INSERT INTO contact_preference_type (contact_preference_type_id, contact_preference_type_name) VALUES (3, 'Mobile');
INSERT INTO contact_preference_type (contact_preference_type_id, contact_preference_type_name) VALUES (4, 'Other');

-- Insert Sale types
INSERT INTO sale_type (sale_type_id, sale_type_name) VALUES (1, 'Sale - Restaurant');
INSERT INTO sale_type (sale_type_id, sale_type_name) VALUES (2, 'Sale - Wholesale');
INSERT INTO sale_type (sale_type_id, sale_type_name) VALUES (3, 'Sale - CSA');
INSERT INTO sale_type (sale_type_id, sale_type_name) VALUES (4, 'Sale - Farmers Market');
INSERT INTO sale_type (sale_type_id, sale_type_name) VALUES (5, 'Donation');
INSERT INTO sale_type (sale_type_id, sale_type_name) VALUES (6, 'Farm Stand');
INSERT INTO sale_type (sale_type_id, sale_type_name) VALUES (7, 'Compost');
INSERT INTO sale_type (sale_type_id, sale_type_name) VALUES (8, 'Other');

-- Insert Invoice Status
INSERT INTO invoice_status (invoice_status_id, invoice_status_name) VALUES (1, 'Pending');
INSERT INTO invoice_status (invoice_status_id, invoice_status_name) VALUES (2, 'Review');
INSERT INTO invoice_status (invoice_status_id, invoice_status_name) VALUES (3, 'Confirm');
INSERT INTO invoice_status (invoice_status_id, invoice_status_name) VALUES (4, 'Approved');
INSERT INTO invoice_status (invoice_status_id, invoice_status_name) VALUES (5, 'Paid');
INSERT INTO invoice_status (invoice_status_id, invoice_status_name) VALUES (6, 'Delivered');

-- *****************************************************************************
-- 								SEED DATA
-- *****************************************************************************

-- Insert Buyers
INSERT INTO "buyer_information" (buyer_id,buyer_name,address1,address2,city,state_code,zipcode,delivery_times,contact_phone,notes,is_active,description, apply_large_order_discount, discount) VALUES (1,'Finale','7842 Vel, Rd.','fermentum metus.','Detroit','MI','20221','Nam interdum enim non nisi. Aenean eget metus. In','(997) 637-3374','Lorem ipsum dolor sit amet, consectetuer adipiscing elit. Curabitur sed tortor. Integer aliquam adipiscing lacus.','true','Lorem ipsum dolor sit', 'true', '0.2');
INSERT INTO "buyer_information" (buyer_id,buyer_name,address1,address2,city,state_code,zipcode,delivery_times,contact_phone,notes,is_active,description, apply_large_order_discount, discount) VALUES (2,'Lavasoft','Ap #857-6443 Sit Street','tristique aliquet.','Rockford','IL','96953','sit amet, faucibus ut, nulla. Cras','(805) 278-4309','Lorem ipsum dolor sit amet, consectetuer adipiscing elit. Curabitur sed tortor. Integer aliquam adipiscing lacus. Ut nec urna et arcu imperdiet ullamcorper. Duis at lacus. Quisque purus sapien, gravida non,','true','Lorem ipsum dolor', 'false', '.1');
INSERT INTO "buyer_information" (buyer_id,buyer_name,address1,address2,city,state_code,zipcode,delivery_times,contact_phone,notes,is_active,description, apply_large_order_discount, discount) VALUES (3,'Google','Ap #265-4324 Pulvinar Ave','consectetuer euismod','Aurora','CO','48745','non lorem vitae odio sagittis semper. Nam tempor diam dictum','(483) 303-3362','Lorem ipsum dolor sit amet, consectetuer adipiscing elit. Curabitur sed tortor. Integer aliquam adipiscing lacus. Ut nec urna et','true','Lorem ipsum dolor sit amet', 'false', '.1');
INSERT INTO "buyer_information" (buyer_id,buyer_name,address1,address2,city,state_code,zipcode,delivery_times,contact_phone,notes,is_active,description, apply_large_order_discount, discount) VALUES (4,'Google','342-8167 Nulla Street','mauris erat','Hattiesburg','MS','72365','felis.','(623) 504-7742','Lorem','true','Lorem ipsum', 'false', '.1');
INSERT INTO "buyer_information" (buyer_id,buyer_name,address1,address2,city,state_code,zipcode,delivery_times,contact_phone,notes,is_active,description, apply_large_order_discount, discount) VALUES (5,'Chami','392-4440 Tellus Rd.','neque sed','Fort Smith','AR','71196','urna. Nunc quis arcu','(229) 857-1815','Lorem ipsum dolor sit amet, consectetuer adipiscing elit. Curabitur sed tortor. Integer aliquam','true','Lorem ipsum dolor', 'false', '.1');
INSERT INTO "buyer_information" (buyer_id,buyer_name,address1,address2,city,state_code,zipcode,delivery_times,contact_phone,notes,is_active,description, apply_large_order_discount, discount) VALUES (6,'Cakewalk','479-5059 Dolor Road','justo eu','Hartford','CT','90844','convallis est, vitae sodales nisi','(451) 411-5583','Lorem ipsum dolor sit amet, consectetuer adipiscing elit. Curabitur sed tortor.','true','Lorem', 'false', '.1');
INSERT INTO "buyer_information" (buyer_id,buyer_name,address1,address2,city,state_code,zipcode,delivery_times,contact_phone,notes,is_active,description, apply_large_order_discount, discount) VALUES (7,'Apple Systems','802-4731 Mauris Av.','ullamcorper eu,','Little Rock','AR','71852','ante bibendum ullamcorper. Duis','(428) 388-6185','Lorem ipsum dolor','true','Lorem ipsum', 'false', '.1');
INSERT INTO "buyer_information" (buyer_id,buyer_name,address1,address2,city,state_code,zipcode,delivery_times,contact_phone,notes,is_active,description, apply_large_order_discount, discount) VALUES (8,'Chami','P.O. Box 772, 2051 Nec Ave','sodales. Mauris','Fresno','CA','90647','Nam nulla magna, malesuada vel, convallis in, cursus et, eros.','(550) 631-9892','Lorem ipsum dolor sit amet, consectetuer','true','Lorem ipsum dolor', 'false', '.1');
INSERT INTO "buyer_information" (buyer_id,buyer_name,address1,address2,city,state_code,zipcode,delivery_times,contact_phone,notes,is_active,description, apply_large_order_discount, discount) VALUES (9,'Lycos','1765 Egestas Rd.','eu erat','Augusta','ME','60042','nulla vulputate dui, nec tempus','(286) 101-4113','Lorem ipsum dolor sit amet, consectetuer adipiscing elit. Curabitur sed tortor. Integer aliquam adipiscing lacus. Ut nec urna et arcu imperdiet ullamcorper. Duis at lacus. Quisque purus sapien, gravida non,','true','Lorem ipsum dolor sit amet,', 'false', '.1');
INSERT INTO "buyer_information" (buyer_id,buyer_name,address1,address2,city,state_code,zipcode,delivery_times,contact_phone,notes,is_active,description, apply_large_order_discount, discount) VALUES (10,'Google','P.O. Box 482, 8641 Sagittis Avenue','eleifend vitae,','Little Rock','AR','71153','erat. Vivamus nisi.','(212) 584-5167','Lorem ipsum dolor sit amet, consectetuer adipiscing elit. Curabitur sed tortor. Integer aliquam adipiscing','true','Lorem ipsum dolor sit amet,', 'false', '.1');

-- Insert Credentials
INSERT INTO credentials (credentials_id, password, salt) VALUES (1, 'QfJS17tdJUn4HnVFKq8zuw==', 'NmKwEFwoHZvbmTTBa9vjUBD50GGaMvzj+O91X9aD8D3n+XXeP4xQpLmqxw13S3H22beys+ASaIGNOVh6Hwc4gOGlnePVuYdr8wFseYzZe5syhTBKpImmcTmo78iMOEt7j4tfNms86+VFm1PMuiUwXRXpZ40CuSgKbqOjyH55j7A=');
INSERT INTO credentials (credentials_id, password, salt) VALUES (2, 'HG6d3dbxeVD/pZc7fpcIWw==', 'AiWYRNlH4pXD1ea4/G1x968LVt9Wrr/GzBNh+qGddW02Wz7i4cA3Togrrb+hIqU2V8P7leDetskI5gB1AdVMRzwws+ttrMS0yPywITUV8bQkny0KYSNWdN1Xw9IudCnEdrXcd2s66P+EyJkFPIItfcj+h8SXCV3GBMfe4XnbguY=');
INSERT INTO credentials (credentials_id, password, salt) VALUES (3, 'YN+dqszFM3oNefVK7LjjzA==', 'CjGbVky1eCe0W8Xm6QhSJpR0qukfuM+XDgHzsYiQBuwmJav86V5yoX1en/xgEcBpcf54yLR7OIdXLFhMnnTH1epj77jdL+oC7QVFu+1b1bHaDQYY4Yt1jD48im/eWIoz6eUOTn3pJCwgDryAJ7YzasbjRmULkufwIpUrjY6xj8s=');

-- Insert Development Users
INSERT INTO users (user_id, email, user_type, credentials_id, first_name, last_name, is_global_admin, is_admin, is_active) VALUES (1, 'some@admin.com', 0, 1, 'Admin', 'Joe', 'true', 'false', 'true');
INSERT INTO users (user_id, email, user_type, credentials_id, first_name, last_name, is_global_admin, is_admin, is_active) VALUES (2, 'some@farmer.com', 1, 2, 'Farmer', 'Joe', 'false', 'true', 'true');
INSERT INTO users (user_id, email, user_type, credentials_id, first_name, last_name, is_global_admin, is_admin, is_active) VALUES (3, 'some@buyer.com', 2, 3, 'Buyer', 'Joe', 'false', 'false', 'true');

-- Insert Development Items
INSERT INTO item (item_id, item_type, item_variety, item_description) VALUES (1,'Acorn Squash','',''); 
INSERT INTO item (item_id, item_type, item_variety, item_description) VALUES (2,'Arugula','','Field'); 
INSERT INTO item (item_id, item_type, item_variety, item_description) VALUES (3,'Arugula ','Baby','wait until dry'); 
INSERT INTO item (item_id, item_type, item_variety, item_description) VALUES (4,'Asparagus','',''); 
INSERT INTO item (item_id, item_type, item_variety, item_description) VALUES (5,'Baby Swiss Chard','',''); 
INSERT INTO item (item_id, item_type, item_variety, item_description) VALUES (6,'Basil','Green','HT2'); 
INSERT INTO item (item_id, item_type, item_variety, item_description) VALUES (7,'Basil','Purple',''); 
INSERT INTO item (item_id, item_type, item_variety, item_description) VALUES (8,'Arugula','Baby ','Mid-size leaves'); 
INSERT INTO item (item_id, item_type, item_variety, item_description) VALUES (9,'Beets','Baby','Multicolored'); 
INSERT INTO item (item_id, item_type, item_variety, item_description) VALUES (10,'Beets','Baby - Golden',''); 
INSERT INTO item (item_id, item_type, item_variety, item_description) VALUES (11,'Beets','Baby - Red',''); 
INSERT INTO item (item_id, item_type, item_variety, item_description) VALUES (12,'Beets','Chioggia','Largest'); 
INSERT INTO item (item_id, item_type, item_variety, item_description) VALUES (13,'Beets','Golden','Largest'); 
INSERT INTO item (item_id, item_type, item_variety, item_description) VALUES (14,'Beets','Red','Largest'); 
INSERT INTO item (item_id, item_type, item_variety, item_description) VALUES (15,'Black beans','',''); 
INSERT INTO item (item_id, item_type, item_variety, item_description) VALUES (16,'Arugula','HT','Largest leaves'); 
INSERT INTO item (item_id, item_type, item_variety, item_description) VALUES (17,'Broccoli','','All Available'); 
INSERT INTO item (item_id, item_type, item_variety, item_description) VALUES (18,'Butternut Squash','',''); 
INSERT INTO item (item_id, item_type, item_variety, item_description) VALUES (19,'Beets - BULK','',''); 
INSERT INTO item (item_id, item_type, item_variety, item_description) VALUES (20,'Cabbage','Green',''); 
INSERT INTO item (item_id, item_type, item_variety, item_description) VALUES (21,'Cabbage','Red','All Available'); 
INSERT INTO item (item_id, item_type, item_variety, item_description) VALUES (22,'Beets','','Clear out field bed, then harvest from HT if needed'); 
INSERT INTO item (item_id, item_type, item_variety, item_description) VALUES (23,'Carrots','Baby','Multicolored'); 
INSERT INTO item (item_id, item_type, item_variety, item_description) VALUES (24,'Beets','HT',''); 
INSERT INTO item (item_id, item_type, item_variety, item_description) VALUES (25,'Cauliflower','','All Available'); 
INSERT INTO item (item_id, item_type, item_variety, item_description) VALUES (26,'Chard','',''); 
INSERT INTO item (item_id, item_type, item_variety, item_description) VALUES (27,'Cheese Pumpkins','',''); 
INSERT INTO item (item_id, item_type, item_variety, item_description) VALUES (28,'Cabbage','','any varieties'); 
INSERT INTO item (item_id, item_type, item_variety, item_description) VALUES (29,'Cucumbers','',''); 
INSERT INTO item (item_id, item_type, item_variety, item_description) VALUES (30,'Delicata Squash','','All Available'); 
INSERT INTO item (item_id, item_type, item_variety, item_description) VALUES (31,'Dill','',''); 
INSERT INTO item (item_id, item_type, item_variety, item_description) VALUES (32,'Braising Mix','','Mix of large chard, collards, green kale, mustard'); 
INSERT INTO item (item_id, item_type, item_variety, item_description) VALUES (33,'Carrots','Multicolored','Harvest from field'); 
INSERT INTO item (item_id, item_type, item_variety, item_description) VALUES (34,'Eggplant','Green Thai',''); 
INSERT INTO item (item_id, item_type, item_variety, item_description) VALUES (35,'Eggplant','Japanese',''); 
INSERT INTO item (item_id, item_type, item_variety, item_description) VALUES (36,'Eggplant','','Any variety'); 
INSERT INTO item (item_id, item_type, item_variety, item_description) VALUES (37,'Fennel','baby',''); 
INSERT INTO item (item_id, item_type, item_variety, item_description) VALUES (38,'Flowers','',''); 
INSERT INTO item (item_id, item_type, item_variety, item_description) VALUES (39,'Garlic','','in shipping container'); 
INSERT INTO item (item_id, item_type, item_variety, item_description) VALUES (40,'Garlic','B Grade',''); 
INSERT INTO item (item_id, item_type, item_variety, item_description) VALUES (41,'Carrots','Multicolored - BULK','Harvest all from field'); 
INSERT INTO item (item_id, item_type, item_variety, item_description) VALUES (42,'Green Beans','',''); 
INSERT INTO item (item_id, item_type, item_variety, item_description) VALUES (43,'Herb Starts','',''); 
INSERT INTO item (item_id, item_type, item_variety, item_description) VALUES (44,'Kale','',''); 
INSERT INTO item (item_id, item_type, item_variety, item_description) VALUES (45,'Carrots','','HT'); 
INSERT INTO item (item_id, item_type, item_variety, item_description) VALUES (46,'Collards','HT','1 leaf/plant'); 
INSERT INTO item (item_id, item_type, item_variety, item_description) VALUES (47,'Eggplant','Fairy Tale',''); 
INSERT INTO item (item_id, item_type, item_variety, item_description) VALUES (48,'Fennel','','in shipping container'); 
INSERT INTO item (item_id, item_type, item_variety, item_description) VALUES (49,'Leeks','','Harvest 35 leeks'); 
INSERT INTO item (item_id, item_type, item_variety, item_description) VALUES (50,'Leeks','baby',''); 
INSERT INTO item (item_id, item_type, item_variety, item_description) VALUES (51,'Garlic Scapes','',''); 
INSERT INTO item (item_id, item_type, item_variety, item_description) VALUES (52,'Lettuce','Baby Green',''); 
INSERT INTO item (item_id, item_type, item_variety, item_description) VALUES (53,'Lettuce','Baby Red',''); 
INSERT INTO item (item_id, item_type, item_variety, item_description) VALUES (54,'Kale','Baby','*Red Russian only'); 
INSERT INTO item (item_id, item_type, item_variety, item_description) VALUES (55,'Lettuce','Full Size Green',''); 
INSERT INTO item (item_id, item_type, item_variety, item_description) VALUES (56,'Lettuce','Full Size Red',''); 
INSERT INTO item (item_id, item_type, item_variety, item_description) VALUES (57,'Mizuna','',''); 
INSERT INTO item (item_id, item_type, item_variety, item_description) VALUES (58,'Carrots','HT','Selectively harvest largest HT3'); 
INSERT INTO item (item_id, item_type, item_variety, item_description) VALUES (59,'Okra','','All Available'); 
INSERT INTO item (item_id, item_type, item_variety, item_description) VALUES (60,'Okra','Green',''); 
INSERT INTO item (item_id, item_type, item_variety, item_description) VALUES (61,'Okra','Red',''); 
INSERT INTO item (item_id, item_type, item_variety, item_description) VALUES (62,'Onion','Red',''); 
INSERT INTO item (item_id, item_type, item_variety, item_description) VALUES (63,'Onion','Spring',''); 
INSERT INTO item (item_id, item_type, item_variety, item_description) VALUES (64,'Onion','White',''); 
INSERT INTO item (item_id, item_type, item_variety, item_description) VALUES (65,'Onions','','All Available'); 
INSERT INTO item (item_id, item_type, item_variety, item_description) VALUES (66,'Pac Choi','',''); 
INSERT INTO item (item_id, item_type, item_variety, item_description) VALUES (67,'Kale','Red Russian','Baby size - From field'); 
INSERT INTO item (item_id, item_type, item_variety, item_description) VALUES (68,'Patty Pan Squash','',''); 
INSERT INTO item (item_id, item_type, item_variety, item_description) VALUES (69,'Kale','Green ','1 leaf/plant'); 
INSERT INTO item (item_id, item_type, item_variety, item_description) VALUES (70,'Peppers','Bell',''); 
INSERT INTO item (item_id, item_type, item_variety, item_description) VALUES (71,'Peppers','Green','Already harvested'); 
INSERT INTO item (item_id, item_type, item_variety, item_description) VALUES (72,'Peppers','Habaneros',''); 
INSERT INTO item (item_id, item_type, item_variety, item_description) VALUES (73,'Kale','Lacinato','Field - clear out any available'); 
INSERT INTO item (item_id, item_type, item_variety, item_description) VALUES (74,'Peppers','Hungarian Hot Wax','Wheatland - all available'); 
INSERT INTO item (item_id, item_type, item_variety, item_description) VALUES (75,'Lettuce','','16 large heads'); 
INSERT INTO item (item_id, item_type, item_variety, item_description) VALUES (76,'Peppers','Jalapenos',''); 
INSERT INTO item (item_id, item_type, item_variety, item_description) VALUES (77,'Peppers','Mini Sweet',''); 
INSERT INTO item (item_id, item_type, item_variety, item_description) VALUES (78,'Lettuce','Baby','30 heads'); 
INSERT INTO item (item_id, item_type, item_variety, item_description) VALUES (79,'Peppers','Shishito','All Available - clear out beds'); 
INSERT INTO item (item_id, item_type, item_variety, item_description) VALUES (80,'Peppers','Padron',''); 
INSERT INTO item (item_id, item_type, item_variety, item_description) VALUES (81,'Peppers','Hot','Already harvested'); 
INSERT INTO item (item_id, item_type, item_variety, item_description) VALUES (82,'Potatoes','',''); 
INSERT INTO item (item_id, item_type, item_variety, item_description) VALUES (83,'Potatoes','Fingerling',''); 
INSERT INTO item (item_id, item_type, item_variety, item_description) VALUES (84,'Pumpkin','',''); 
INSERT INTO item (item_id, item_type, item_variety, item_description) VALUES (85,'Collards','','Field'); 
INSERT INTO item (item_id, item_type, item_variety, item_description) VALUES (86,'Radish - BULK','',''); 
INSERT INTO item (item_id, item_type, item_variety, item_description) VALUES (87,'Peppers','Thai Chile','Already harvested'); 
INSERT INTO item (item_id, item_type, item_variety, item_description) VALUES (88,'Radish','Easter Egg - Bulk','All Available'); 
INSERT INTO item (item_id, item_type, item_variety, item_description) VALUES (89,'Radish','French Breakfast',''); 
INSERT INTO item (item_id, item_type, item_variety, item_description) VALUES (90,'Parsley','','Clear cut plants'); 
INSERT INTO item (item_id, item_type, item_variety, item_description) VALUES (91,'Peppers','Sweet',''); 
INSERT INTO item (item_id, item_type, item_variety, item_description) VALUES (92,'Scallions','Purple',''); 
INSERT INTO item (item_id, item_type, item_variety, item_description) VALUES (93,'Radish','Easter Egg',''); 
INSERT INTO item (item_id, item_type, item_variety, item_description) VALUES (94,'Spinach','Baby',''); 
INSERT INTO item (item_id, item_type, item_variety, item_description) VALUES (95,'Spring Garlic','',''); 
INSERT INTO item (item_id, item_type, item_variety, item_description) VALUES (96,'Strawberries','',''); 
INSERT INTO item (item_id, item_type, item_variety, item_description) VALUES (97,'Summer Squash','','Pick all available- last harvest'); 
INSERT INTO item (item_id, item_type, item_variety, item_description) VALUES (98,'Peas','',''); 
INSERT INTO item (item_id, item_type, item_variety, item_description) VALUES (99,'Radish ','Purple Daikon',''); 
INSERT INTO item (item_id, item_type, item_variety, item_description) VALUES (100,'Swiss Chard','',''); 
INSERT INTO item (item_id, item_type, item_variety, item_description) VALUES (101,'Peppers','Italian Sweet',''); 
INSERT INTO item (item_id, item_type, item_variety, item_description) VALUES (102,'Radish','','Mix of Easter Egg (HT) and Watermelon (field)'); 
INSERT INTO item (item_id, item_type, item_variety, item_description) VALUES (103,'Kale','Baby ','3 lbs of RR baby kale kept separate; 10 lbs of RR/Green kale'); 
INSERT INTO item (item_id, item_type, item_variety, item_description) VALUES (104,'Tomatoes','','In shipping container'); 
INSERT INTO item (item_id, item_type, item_variety, item_description) VALUES (105,'Tomatoes','B Grade','Paste tomatoes'); 
INSERT INTO item (item_id, item_type, item_variety, item_description) VALUES (106,'Tomatoes','Cherry','In Shipping Container'); 
INSERT INTO item (item_id, item_type, item_variety, item_description) VALUES (107,'Tomatoes','Green','in shipping container'); 
INSERT INTO item (item_id, item_type, item_variety, item_description) VALUES (108,'Tomatoes','Heirloom','In Shipping Container'); 
INSERT INTO item (item_id, item_type, item_variety, item_description) VALUES (109,'Tomatoes','Paste','Ripe/slightly underripe'); 
INSERT INTO item (item_id, item_type, item_variety, item_description) VALUES (110,'Tomatoes','Slicer','All ripe, slightly underripe'); 
INSERT INTO item (item_id, item_type, item_variety, item_description) VALUES (111,'Turnip Greens','','harvest only greens from older beds'); 
INSERT INTO item (item_id, item_type, item_variety, item_description) VALUES (112,'Kale ','Green','Field - clear out any available'); 
INSERT INTO item (item_id, item_type, item_variety, item_description) VALUES (113,'Radish','Purple Daikon - BULK',''); 
INSERT INTO item (item_id, item_type, item_variety, item_description) VALUES (114,'Turnips','',''); 
INSERT INTO item (item_id, item_type, item_variety, item_description) VALUES (115,'Watermelon','','In shipping container'); 
INSERT INTO item (item_id, item_type, item_variety, item_description) VALUES (116,'Mustard','',''); 
INSERT INTO item (item_id, item_type, item_variety, item_description) VALUES (117,'Zucchini','','Pick all available'); 
INSERT INTO item (item_id, item_type, item_variety, item_description) VALUES (118,'Radish','Easter Egg ',''); 
INSERT INTO item (item_id, item_type, item_variety, item_description) VALUES (119,'Sage','',''); 
INSERT INTO item (item_id, item_type, item_variety, item_description) VALUES (120,'Radish','Watermelon',''); 
INSERT INTO item (item_id, item_type, item_variety, item_description) VALUES (121,'Radish','HT',''); 
INSERT INTO item (item_id, item_type, item_variety, item_description) VALUES (122,'Salad','Baby Mix','Harvest from field - two beds of lettuce'); 
INSERT INTO item (item_id, item_type, item_variety, item_description) VALUES (123,'Sunchoke','',''); 
INSERT INTO item (item_id, item_type, item_variety, item_description) VALUES (124,'Sweet Potato','','Pull all good ones'); 
INSERT INTO item (item_id, item_type, item_variety, item_description) VALUES (125,'Swiss Chard','Rainbow','From field'); 
INSERT INTO item (item_id, item_type, item_variety, item_description) VALUES (126,'Salad Mix','HT','Mix of medium size HT leaf lettuce, chard, kale, mustard, tat soi'); 
INSERT INTO item (item_id, item_type, item_variety, item_description) VALUES (127,'Turnips','Hakurei - BULK',''); 
INSERT INTO item (item_id, item_type, item_variety, item_description) VALUES (128,'Thyme','',''); 
INSERT INTO item (item_id, item_type, item_variety, item_description) VALUES (129,'Turnips','Hakurei','Nicest greens - field turnips'); 
INSERT INTO item (item_id, item_type, item_variety, item_description) VALUES (130,'Scallions','',''); 
INSERT INTO item (item_id, item_type, item_variety, item_description) VALUES (131,'Spinach','',''); 
INSERT INTO item (item_id, item_type, item_variety, item_description) VALUES (132,'Swiss Chard','HT','1-2 leaves first from HT'); 
INSERT INTO item (item_id, item_type, item_variety, item_description) VALUES (133,'Turnips','Hakurei ','Largest only (golf ball size)'); 
INSERT INTO item (item_id, item_type, item_variety, item_description) VALUES (134,'Winter Squash','',''); 

-- Insert Development Prices

INSERT INTO "item_price" (item_price_id, item_id, date_added, sale_type_id, item_price) VALUES (1,1,'2017-03-08 13:15:50',5,'9.79');
INSERT INTO "item_price" (item_price_id, item_id, date_added, sale_type_id, item_price) VALUES (2,2,'2017-04-26 04:13:34',1,'8.81');
INSERT INTO "item_price" (item_price_id, item_id, date_added, sale_type_id, item_price) VALUES (3,3,'2016-06-06 02:30:37',5,'8.15');
INSERT INTO "item_price" (item_price_id, item_id, date_added, sale_type_id, item_price) VALUES (4,4,'2017-08-15 05:59:59',7,'2.05');
INSERT INTO "item_price" (item_price_id, item_id, date_added, sale_type_id, item_price) VALUES (5,5,'2017-03-02 21:02:43',7,'4.32');
INSERT INTO "item_price" (item_price_id, item_id, date_added, sale_type_id, item_price) VALUES (6,6,'2016-12-21 13:51:38',6,'7.20');
INSERT INTO "item_price" (item_price_id, item_id, date_added, sale_type_id, item_price) VALUES (7,7,'2016-04-12 09:09:01',3,'8.25');
INSERT INTO "item_price" (item_price_id, item_id, date_added, sale_type_id, item_price) VALUES (8,8,'2016-09-22 18:10:06',1,'8.32');
INSERT INTO "item_price" (item_price_id, item_id, date_added, sale_type_id, item_price) VALUES (9,9,'2017-03-06 04:27:00',6,'3.45');
INSERT INTO "item_price" (item_price_id, item_id, date_added, sale_type_id, item_price) VALUES (10,10,'2017-05-24 16:54:50',5,'1.43');
INSERT INTO "item_price" (item_price_id, item_id, date_added, sale_type_id, item_price) VALUES (11,11,'2016-12-25 22:38:06',6,'1.41');
INSERT INTO "item_price" (item_price_id, item_id, date_added, sale_type_id, item_price) VALUES (12,12,'2017-12-01 15:08:09',3,'5.60');
INSERT INTO "item_price" (item_price_id, item_id, date_added, sale_type_id, item_price) VALUES (13,13,'2017-05-11 20:21:24',6,'5.28');
INSERT INTO "item_price" (item_price_id, item_id, date_added, sale_type_id, item_price) VALUES (14,14,'2017-11-18 04:44:06',6,'1.15');
INSERT INTO "item_price" (item_price_id, item_id, date_added, sale_type_id, item_price) VALUES (15,15,'2017-07-12 15:59:13',7,'5.62');
INSERT INTO "item_price" (item_price_id, item_id, date_added, sale_type_id, item_price) VALUES (16,16,'2017-08-19 11:21:05',2,'3.41');
INSERT INTO "item_price" (item_price_id, item_id, date_added, sale_type_id, item_price) VALUES (17,17,'2017-08-10 04:18:31',6,'4.64');
INSERT INTO "item_price" (item_price_id, item_id, date_added, sale_type_id, item_price) VALUES (18,18,'2017-07-06 21:30:40',5,'6.11');
INSERT INTO "item_price" (item_price_id, item_id, date_added, sale_type_id, item_price) VALUES (19,19,'2016-05-20 02:10:16',6,'8.03');
INSERT INTO "item_price" (item_price_id, item_id, date_added, sale_type_id, item_price) VALUES (20,20,'2016-02-08 11:22:11',5,'4.61');
INSERT INTO "item_price" (item_price_id, item_id, date_added, sale_type_id, item_price) VALUES (21,21,'2017-09-15 04:26:48',3,'2.90');
INSERT INTO "item_price" (item_price_id, item_id, date_added, sale_type_id, item_price) VALUES (22,22,'2017-09-11 00:17:10',4,'1.50');
INSERT INTO "item_price" (item_price_id, item_id, date_added, sale_type_id, item_price) VALUES (23,23,'2015-12-18 21:49:14',7,'5.48');
INSERT INTO "item_price" (item_price_id, item_id, date_added, sale_type_id, item_price) VALUES (24,24,'2017-11-15 06:00:29',7,'3.57');
INSERT INTO "item_price" (item_price_id, item_id, date_added, sale_type_id, item_price) VALUES (25,25,'2017-01-07 01:22:54',5,'3.89');
INSERT INTO "item_price" (item_price_id, item_id, date_added, sale_type_id, item_price) VALUES (26,26,'2016-10-28 20:22:58',5,'0.74');
INSERT INTO "item_price" (item_price_id, item_id, date_added, sale_type_id, item_price) VALUES (27,27,'2017-01-10 10:14:44',8,'9.99');
INSERT INTO "item_price" (item_price_id, item_id, date_added, sale_type_id, item_price) VALUES (28,28,'2016-02-29 15:02:05',1,'9.42');
INSERT INTO "item_price" (item_price_id, item_id, date_added, sale_type_id, item_price) VALUES (29,29,'2017-07-25 23:57:20',5,'3.53');
INSERT INTO "item_price" (item_price_id, item_id, date_added, sale_type_id, item_price) VALUES (30,30,'2016-10-03 21:22:04',2,'7.79');
INSERT INTO "item_price" (item_price_id, item_id, date_added, sale_type_id, item_price) VALUES (31,31,'2017-10-08 03:18:04',4,'0.92');
INSERT INTO "item_price" (item_price_id, item_id, date_added, sale_type_id, item_price) VALUES (32,32,'2016-08-20 18:13:57',7,'4.14');
INSERT INTO "item_price" (item_price_id, item_id, date_added, sale_type_id, item_price) VALUES (33,33,'2016-12-03 21:05:54',2,'0.90');
INSERT INTO "item_price" (item_price_id, item_id, date_added, sale_type_id, item_price) VALUES (34,34,'2016-01-31 11:00:31',8,'0.93');
INSERT INTO "item_price" (item_price_id, item_id, date_added, sale_type_id, item_price) VALUES (35,35,'2016-08-24 19:35:11',8,'5.76');
INSERT INTO "item_price" (item_price_id, item_id, date_added, sale_type_id, item_price) VALUES (36,36,'2016-12-18 00:55:45',2,'1.32');
INSERT INTO "item_price" (item_price_id, item_id, date_added, sale_type_id, item_price) VALUES (37,37,'2017-06-17 09:50:27',1,'6.04');
INSERT INTO "item_price" (item_price_id, item_id, date_added, sale_type_id, item_price) VALUES (38,38,'2017-08-14 06:27:21',5,'0.16');
INSERT INTO "item_price" (item_price_id, item_id, date_added, sale_type_id, item_price) VALUES (39,39,'2017-09-27 05:03:38',4,'6.19');
INSERT INTO "item_price" (item_price_id, item_id, date_added, sale_type_id, item_price) VALUES (40,40,'2017-05-17 08:29:54',4,'0.06');
INSERT INTO "item_price" (item_price_id, item_id, date_added, sale_type_id, item_price) VALUES (41,41,'2016-08-21 13:10:21',1,'4.95');
INSERT INTO "item_price" (item_price_id, item_id, date_added, sale_type_id, item_price) VALUES (42,42,'2017-10-13 17:05:40',7,'1.34');
INSERT INTO "item_price" (item_price_id, item_id, date_added, sale_type_id, item_price) VALUES (43,43,'2016-11-14 09:40:19',8,'9.89');
INSERT INTO "item_price" (item_price_id, item_id, date_added, sale_type_id, item_price) VALUES (44,44,'2017-01-13 03:35:29',4,'6.43');
INSERT INTO "item_price" (item_price_id, item_id, date_added, sale_type_id, item_price) VALUES (45,45,'2016-02-28 13:50:35',4,'4.49');
INSERT INTO "item_price" (item_price_id, item_id, date_added, sale_type_id, item_price) VALUES (46,46,'2017-07-15 14:40:49',6,'8.75');
INSERT INTO "item_price" (item_price_id, item_id, date_added, sale_type_id, item_price) VALUES (47,47,'2016-12-20 14:40:23',5,'2.01');
INSERT INTO "item_price" (item_price_id, item_id, date_added, sale_type_id, item_price) VALUES (48,48,'2017-08-12 23:53:56',2,'5.70');
INSERT INTO "item_price" (item_price_id, item_id, date_added, sale_type_id, item_price) VALUES (49,49,'2016-02-13 18:18:40',2,'7.30');
INSERT INTO "item_price" (item_price_id, item_id, date_added, sale_type_id, item_price) VALUES (50,50,'2015-12-29 03:51:09',2,'1.93');
INSERT INTO "item_price" (item_price_id, item_id, date_added, sale_type_id, item_price) VALUES (51,51,'2017-04-14 09:27:54',5,'1.51');
INSERT INTO "item_price" (item_price_id, item_id, date_added, sale_type_id, item_price) VALUES (52,52,'2016-11-24 20:18:44',8,'3.94');
INSERT INTO "item_price" (item_price_id, item_id, date_added, sale_type_id, item_price) VALUES (53,53,'2016-08-05 18:02:20',7,'7.24');
INSERT INTO "item_price" (item_price_id, item_id, date_added, sale_type_id, item_price) VALUES (54,54,'2017-04-26 18:04:07',5,'4.43');
INSERT INTO "item_price" (item_price_id, item_id, date_added, sale_type_id, item_price) VALUES (55,55,'2016-11-19 01:48:49',7,'0.10');
INSERT INTO "item_price" (item_price_id, item_id, date_added, sale_type_id, item_price) VALUES (56,56,'2015-12-10 02:11:13',2,'3.13');
INSERT INTO "item_price" (item_price_id, item_id, date_added, sale_type_id, item_price) VALUES (57,57,'2017-11-17 01:30:15',1,'8.85');
INSERT INTO "item_price" (item_price_id, item_id, date_added, sale_type_id, item_price) VALUES (58,58,'2016-07-25 00:47:26',7,'0.45');
INSERT INTO "item_price" (item_price_id, item_id, date_added, sale_type_id, item_price) VALUES (59,59,'2016-07-31 07:02:03',5,'8.98');
INSERT INTO "item_price" (item_price_id, item_id, date_added, sale_type_id, item_price) VALUES (60,60,'2016-08-16 06:23:03',5,'0.15');
INSERT INTO "item_price" (item_price_id, item_id, date_added, sale_type_id, item_price) VALUES (61,61,'2016-05-13 16:58:28',8,'9.60');
INSERT INTO "item_price" (item_price_id, item_id, date_added, sale_type_id, item_price) VALUES (62,62,'2017-12-01 06:43:51',6,'4.21');
INSERT INTO "item_price" (item_price_id, item_id, date_added, sale_type_id, item_price) VALUES (63,63,'2016-08-16 06:58:15',1,'6.42');
INSERT INTO "item_price" (item_price_id, item_id, date_added, sale_type_id, item_price) VALUES (64,64,'2017-09-28 20:47:48',6,'9.82');
INSERT INTO "item_price" (item_price_id, item_id, date_added, sale_type_id, item_price) VALUES (65,65,'2017-10-11 02:19:48',8,'9.55');
INSERT INTO "item_price" (item_price_id, item_id, date_added, sale_type_id, item_price) VALUES (66,66,'2016-08-24 04:20:57',5,'6.18');
INSERT INTO "item_price" (item_price_id, item_id, date_added, sale_type_id, item_price) VALUES (67,67,'2016-03-04 03:10:02',5,'9.24');
INSERT INTO "item_price" (item_price_id, item_id, date_added, sale_type_id, item_price) VALUES (68,68,'2017-10-03 06:35:14',2,'9.17');
INSERT INTO "item_price" (item_price_id, item_id, date_added, sale_type_id, item_price) VALUES (69,69,'2016-12-28 01:33:37',7,'5.69');
INSERT INTO "item_price" (item_price_id, item_id, date_added, sale_type_id, item_price) VALUES (70,70,'2016-07-24 07:16:36',6,'6.96');
INSERT INTO "item_price" (item_price_id, item_id, date_added, sale_type_id, item_price) VALUES (71,71,'2017-10-13 04:31:05',1,'2.35');
INSERT INTO "item_price" (item_price_id, item_id, date_added, sale_type_id, item_price) VALUES (72,72,'2017-07-08 23:34:36',1,'3.27');
INSERT INTO "item_price" (item_price_id, item_id, date_added, sale_type_id, item_price) VALUES (73,73,'2017-05-31 02:06:04',1,'8.47');
INSERT INTO "item_price" (item_price_id, item_id, date_added, sale_type_id, item_price) VALUES (74,74,'2016-06-11 01:41:31',8,'9.58');
INSERT INTO "item_price" (item_price_id, item_id, date_added, sale_type_id, item_price) VALUES (75,75,'2017-08-30 21:49:18',7,'3.76');
INSERT INTO "item_price" (item_price_id, item_id, date_added, sale_type_id, item_price) VALUES (76,76,'2015-12-09 15:58:45',8,'4.94');
INSERT INTO "item_price" (item_price_id, item_id, date_added, sale_type_id, item_price) VALUES (77,77,'2017-04-16 00:57:47',6,'5.59');
INSERT INTO "item_price" (item_price_id, item_id, date_added, sale_type_id, item_price) VALUES (78,78,'2017-07-24 10:02:46',2,'4.76');
INSERT INTO "item_price" (item_price_id, item_id, date_added, sale_type_id, item_price) VALUES (79,79,'2016-01-28 17:42:24',1,'0.41');
INSERT INTO "item_price" (item_price_id, item_id, date_added, sale_type_id, item_price) VALUES (80,80,'2017-05-20 11:00:18',6,'8.34');
INSERT INTO "item_price" (item_price_id, item_id, date_added, sale_type_id, item_price) VALUES (81,81,'2017-09-01 18:06:58',8,'6.79');
INSERT INTO "item_price" (item_price_id, item_id, date_added, sale_type_id, item_price) VALUES (82,82,'2016-11-24 02:42:02',3,'3.95');
INSERT INTO "item_price" (item_price_id, item_id, date_added, sale_type_id, item_price) VALUES (83,83,'2016-06-20 03:03:40',2,'4.64');
INSERT INTO "item_price" (item_price_id, item_id, date_added, sale_type_id, item_price) VALUES (84,84,'2017-08-23 01:11:53',8,'0.91');
INSERT INTO "item_price" (item_price_id, item_id, date_added, sale_type_id, item_price) VALUES (85,85,'2017-08-30 23:15:51',7,'5.60');
INSERT INTO "item_price" (item_price_id, item_id, date_added, sale_type_id, item_price) VALUES (86,86,'2016-08-01 15:35:42',8,'9.87');
INSERT INTO "item_price" (item_price_id, item_id, date_added, sale_type_id, item_price) VALUES (87,87,'2016-08-18 02:17:36',6,'2.06');
INSERT INTO "item_price" (item_price_id, item_id, date_added, sale_type_id, item_price) VALUES (88,88,'2017-11-18 04:16:59',7,'6.95');
INSERT INTO "item_price" (item_price_id, item_id, date_added, sale_type_id, item_price) VALUES (89,89,'2017-12-04 13:14:23',5,'2.13');
INSERT INTO "item_price" (item_price_id, item_id, date_added, sale_type_id, item_price) VALUES (90,90,'2017-11-23 07:58:46',1,'2.56');
INSERT INTO "item_price" (item_price_id, item_id, date_added, sale_type_id, item_price) VALUES (91,91,'2016-11-27 04:55:33',4,'6.53');
INSERT INTO "item_price" (item_price_id, item_id, date_added, sale_type_id, item_price) VALUES (92,92,'2016-10-28 01:26:22',1,'6.48');
INSERT INTO "item_price" (item_price_id, item_id, date_added, sale_type_id, item_price) VALUES (93,93,'2017-09-06 12:59:24',5,'1.58');
INSERT INTO "item_price" (item_price_id, item_id, date_added, sale_type_id, item_price) VALUES (94,94,'2017-04-08 21:03:15',4,'9.65');
INSERT INTO "item_price" (item_price_id, item_id, date_added, sale_type_id, item_price) VALUES (95,95,'2017-05-30 18:08:42',2,'3.75');
INSERT INTO "item_price" (item_price_id, item_id, date_added, sale_type_id, item_price) VALUES (96,96,'2017-01-01 07:18:30',1,'2.38');
INSERT INTO "item_price" (item_price_id, item_id, date_added, sale_type_id, item_price) VALUES (97,97,'2017-10-04 01:25:35',7,'3.21');
INSERT INTO "item_price" (item_price_id, item_id, date_added, sale_type_id, item_price) VALUES (98,98,'2015-12-19 13:33:21',1,'9.91');
INSERT INTO "item_price" (item_price_id, item_id, date_added, sale_type_id, item_price) VALUES (99,99,'2017-06-07 14:53:47',1,'4.18');
INSERT INTO "item_price" (item_price_id, item_id, date_added, sale_type_id, item_price) VALUES (100,100,'2016-12-23 08:16:28',5,'1.24');
INSERT INTO "item_price" (item_price_id, item_id, date_added, sale_type_id, item_price) VALUES (101,101,'2017-04-27 02:49:12',5,'4.35');
INSERT INTO "item_price" (item_price_id, item_id, date_added, sale_type_id, item_price) VALUES (102,102,'2017-05-27 16:44:52',6,'5.90');
INSERT INTO "item_price" (item_price_id, item_id, date_added, sale_type_id, item_price) VALUES (103,103,'2016-02-08 01:13:47',4,'6.63');
INSERT INTO "item_price" (item_price_id, item_id, date_added, sale_type_id, item_price) VALUES (104,104,'2017-03-24 03:57:41',2,'3.51');
INSERT INTO "item_price" (item_price_id, item_id, date_added, sale_type_id, item_price) VALUES (105,105,'2016-05-23 08:10:23',5,'4.78');
INSERT INTO "item_price" (item_price_id, item_id, date_added, sale_type_id, item_price) VALUES (106,106,'2017-06-12 05:11:17',5,'7.09');
INSERT INTO "item_price" (item_price_id, item_id, date_added, sale_type_id, item_price) VALUES (107,107,'2017-07-16 21:25:20',7,'6.24');
INSERT INTO "item_price" (item_price_id, item_id, date_added, sale_type_id, item_price) VALUES (108,108,'2017-05-13 17:02:52',1,'2.66');
INSERT INTO "item_price" (item_price_id, item_id, date_added, sale_type_id, item_price) VALUES (109,109,'2017-02-11 13:29:03',7,'6.28');
INSERT INTO "item_price" (item_price_id, item_id, date_added, sale_type_id, item_price) VALUES (110,110,'2016-07-13 22:02:20',7,'8.43');
INSERT INTO "item_price" (item_price_id, item_id, date_added, sale_type_id, item_price) VALUES (111,111,'2017-03-19 23:32:50',4,'5.69');
INSERT INTO "item_price" (item_price_id, item_id, date_added, sale_type_id, item_price) VALUES (112,112,'2017-06-25 01:26:26',7,'1.49');
INSERT INTO "item_price" (item_price_id, item_id, date_added, sale_type_id, item_price) VALUES (113,113,'2017-03-10 01:31:56',7,'4.46');
INSERT INTO "item_price" (item_price_id, item_id, date_added, sale_type_id, item_price) VALUES (114,114,'2016-06-28 07:52:31',4,'1.86');
INSERT INTO "item_price" (item_price_id, item_id, date_added, sale_type_id, item_price) VALUES (115,115,'2017-12-01 03:31:13',7,'7.93');
INSERT INTO "item_price" (item_price_id, item_id, date_added, sale_type_id, item_price) VALUES (116,116,'2017-04-12 07:52:02',5,'3.46');
INSERT INTO "item_price" (item_price_id, item_id, date_added, sale_type_id, item_price) VALUES (117,117,'2017-01-03 06:32:36',1,'9.79');
INSERT INTO "item_price" (item_price_id, item_id, date_added, sale_type_id, item_price) VALUES (118,118,'2017-08-12 09:32:17',7,'2.43');
INSERT INTO "item_price" (item_price_id, item_id, date_added, sale_type_id, item_price) VALUES (119,119,'2016-03-06 07:46:43',5,'3.06');
INSERT INTO "item_price" (item_price_id, item_id, date_added, sale_type_id, item_price) VALUES (120,120,'2017-03-23 14:03:26',7,'6.42');
INSERT INTO "item_price" (item_price_id, item_id, date_added, sale_type_id, item_price) VALUES (121,121,'2017-05-01 18:21:07',2,'1.25');
INSERT INTO "item_price" (item_price_id, item_id, date_added, sale_type_id, item_price) VALUES (122,122,'2016-09-23 04:25:34',2,'6.91');
INSERT INTO "item_price" (item_price_id, item_id, date_added, sale_type_id, item_price) VALUES (123,123,'2016-02-27 05:20:27',8,'2.82');
INSERT INTO "item_price" (item_price_id, item_id, date_added, sale_type_id, item_price) VALUES (124,124,'2017-07-31 17:08:09',8,'4.16');
INSERT INTO "item_price" (item_price_id, item_id, date_added, sale_type_id, item_price) VALUES (125,125,'2016-10-10 15:01:50',8,'4.05');
INSERT INTO "item_price" (item_price_id, item_id, date_added, sale_type_id, item_price) VALUES (126,126,'2017-06-25 00:40:54',6,'2.86');
INSERT INTO "item_price" (item_price_id, item_id, date_added, sale_type_id, item_price) VALUES (127,127,'2016-07-04 21:00:51',6,'1.32');
INSERT INTO "item_price" (item_price_id, item_id, date_added, sale_type_id, item_price) VALUES (128,128,'2016-07-24 15:09:44',8,'8.85');
INSERT INTO "item_price" (item_price_id, item_id, date_added, sale_type_id, item_price) VALUES (129,129,'2017-04-27 21:37:33',4,'3.32');
INSERT INTO "item_price" (item_price_id, item_id, date_added, sale_type_id, item_price) VALUES (130,130,'2017-02-03 09:32:09',8,'1.92');
INSERT INTO "item_price" (item_price_id, item_id, date_added, sale_type_id, item_price) VALUES (131,131,'2017-02-17 08:42:59',4,'3.04');
INSERT INTO "item_price" (item_price_id, item_id, date_added, sale_type_id, item_price) VALUES (132,132,'2017-08-05 15:22:14',4,'0.42');
INSERT INTO "item_price" (item_price_id, item_id, date_added, sale_type_id, item_price) VALUES (133,133,'2017-09-27 03:25:09',2,'7.39');
INSERT INTO "item_price" (item_price_id, item_id, date_added, sale_type_id, item_price) VALUES (134,134,'2015-12-14 05:39:12',4,'7.78');
INSERT INTO "item_price" (item_price_id, item_id, date_added, sale_type_id, item_price) VALUES (135,35,'2017-05-12 12:53:06',6,'0.98');
INSERT INTO "item_price" (item_price_id, item_id, date_added, sale_type_id, item_price) VALUES (136,36,'2017-10-12 10:59:22',6,'6.08');
INSERT INTO "item_price" (item_price_id, item_id, date_added, sale_type_id, item_price) VALUES (137,37,'2017-02-19 00:36:01',7,'2.76');
INSERT INTO "item_price" (item_price_id, item_id, date_added, sale_type_id, item_price) VALUES (138,38,'2017-07-12 05:23:48',8,'1.00');
INSERT INTO "item_price" (item_price_id, item_id, date_added, sale_type_id, item_price) VALUES (139,39,'2016-03-15 10:42:50',8,'0.70');
INSERT INTO "item_price" (item_price_id, item_id, date_added, sale_type_id, item_price) VALUES (140,40,'2016-05-28 17:12:37',4,'6.75');
INSERT INTO "item_price" (item_price_id, item_id, date_added, sale_type_id, item_price) VALUES (141,41,'2016-03-03 18:49:05',5,'1.47');
INSERT INTO "item_price" (item_price_id, item_id, date_added, sale_type_id, item_price) VALUES (142,42,'2016-05-02 00:14:00',2,'7.17');
INSERT INTO "item_price" (item_price_id, item_id, date_added, sale_type_id, item_price) VALUES (143,43,'2016-10-06 15:01:43',4,'3.60');
INSERT INTO "item_price" (item_price_id, item_id, date_added, sale_type_id, item_price) VALUES (144,44,'2016-08-01 17:50:05',6,'8.15');
INSERT INTO "item_price" (item_price_id, item_id, date_added, sale_type_id, item_price) VALUES (145,45,'2016-05-26 19:38:51',2,'0.43');
INSERT INTO "item_price" (item_price_id, item_id, date_added, sale_type_id, item_price) VALUES (146,46,'2016-03-06 09:46:57',7,'2.31');
INSERT INTO "item_price" (item_price_id, item_id, date_added, sale_type_id, item_price) VALUES (147,47,'2016-06-28 19:13:04',7,'7.56');
INSERT INTO "item_price" (item_price_id, item_id, date_added, sale_type_id, item_price) VALUES (148,48,'2016-01-18 03:56:22',8,'3.89');
INSERT INTO "item_price" (item_price_id, item_id, date_added, sale_type_id, item_price) VALUES (149,49,'2017-09-26 20:04:48',5,'0.96');
INSERT INTO "item_price" (item_price_id, item_id, date_added, sale_type_id, item_price) VALUES (150,50,'2016-05-31 05:34:07',6,'2.35');
INSERT INTO "item_price" (item_price_id, item_id, date_added, sale_type_id, item_price) VALUES (151,51,'2017-05-08 15:59:53',6,'0.22');
INSERT INTO "item_price" (item_price_id, item_id, date_added, sale_type_id, item_price) VALUES (152,52,'2016-05-01 15:06:52',8,'3.13');
INSERT INTO "item_price" (item_price_id, item_id, date_added, sale_type_id, item_price) VALUES (153,53,'2017-03-31 19:47:43',6,'1.69');
INSERT INTO "item_price" (item_price_id, item_id, date_added, sale_type_id, item_price) VALUES (154,54,'2017-01-11 11:41:25',5,'6.81');
INSERT INTO "item_price" (item_price_id, item_id, date_added, sale_type_id, item_price) VALUES (155,55,'2017-11-22 22:54:18',3,'0.35');
INSERT INTO "item_price" (item_price_id, item_id, date_added, sale_type_id, item_price) VALUES (156,56,'2016-09-19 02:18:19',1,'7.54');
INSERT INTO "item_price" (item_price_id, item_id, date_added, sale_type_id, item_price) VALUES (157,57,'2017-03-12 05:58:22',1,'9.22');
INSERT INTO "item_price" (item_price_id, item_id, date_added, sale_type_id, item_price) VALUES (158,58,'2015-12-20 06:15:16',1,'8.56');
INSERT INTO "item_price" (item_price_id, item_id, date_added, sale_type_id, item_price) VALUES (159,59,'2016-02-08 09:47:42',5,'1.22');
INSERT INTO "item_price" (item_price_id, item_id, date_added, sale_type_id, item_price) VALUES (160,60,'2017-09-09 12:45:48',1,'3.62');
INSERT INTO "item_price" (item_price_id, item_id, date_added, sale_type_id, item_price) VALUES (161,61,'2016-03-26 04:05:41',5,'3.64');
INSERT INTO "item_price" (item_price_id, item_id, date_added, sale_type_id, item_price) VALUES (162,62,'2016-05-31 15:59:21',3,'6.38');
INSERT INTO "item_price" (item_price_id, item_id, date_added, sale_type_id, item_price) VALUES (163,63,'2016-04-04 09:03:41',6,'3.27');
INSERT INTO "item_price" (item_price_id, item_id, date_added, sale_type_id, item_price) VALUES (164,64,'2016-01-01 22:39:07',2,'3.46');
INSERT INTO "item_price" (item_price_id, item_id, date_added, sale_type_id, item_price) VALUES (165,65,'2016-03-16 04:37:17',6,'1.28');
INSERT INTO "item_price" (item_price_id, item_id, date_added, sale_type_id, item_price) VALUES (166,66,'2016-08-03 09:16:57',6,'7.74');
INSERT INTO "item_price" (item_price_id, item_id, date_added, sale_type_id, item_price) VALUES (167,67,'2016-12-22 06:55:06',8,'8.00');
INSERT INTO "item_price" (item_price_id, item_id, date_added, sale_type_id, item_price) VALUES (168,68,'2017-11-29 04:38:07',4,'9.51');
INSERT INTO "item_price" (item_price_id, item_id, date_added, sale_type_id, item_price) VALUES (169,69,'2016-07-06 02:25:23',4,'4.78');
INSERT INTO "item_price" (item_price_id, item_id, date_added, sale_type_id, item_price) VALUES (170,70,'2016-10-15 06:07:29',3,'5.50');
INSERT INTO "item_price" (item_price_id, item_id, date_added, sale_type_id, item_price) VALUES (171,71,'2017-02-16 05:02:20',4,'2.61');
INSERT INTO "item_price" (item_price_id, item_id, date_added, sale_type_id, item_price) VALUES (172,72,'2016-07-01 22:55:37',6,'5.97');
INSERT INTO "item_price" (item_price_id, item_id, date_added, sale_type_id, item_price) VALUES (173,73,'2017-08-05 20:54:17',8,'8.36');
INSERT INTO "item_price" (item_price_id, item_id, date_added, sale_type_id, item_price) VALUES (174,74,'2016-10-03 16:22:26',8,'3.89');
INSERT INTO "item_price" (item_price_id, item_id, date_added, sale_type_id, item_price) VALUES (175,75,'2017-10-21 20:42:42',1,'7.61');
INSERT INTO "item_price" (item_price_id, item_id, date_added, sale_type_id, item_price) VALUES (176,76,'2016-02-24 04:06:07',8,'5.53');
INSERT INTO "item_price" (item_price_id, item_id, date_added, sale_type_id, item_price) VALUES (177,77,'2016-10-20 15:28:16',3,'2.51');
INSERT INTO "item_price" (item_price_id, item_id, date_added, sale_type_id, item_price) VALUES (178,78,'2017-06-29 10:59:07',4,'8.53');
INSERT INTO "item_price" (item_price_id, item_id, date_added, sale_type_id, item_price) VALUES (179,79,'2016-02-13 20:50:44',8,'8.68');
INSERT INTO "item_price" (item_price_id, item_id, date_added, sale_type_id, item_price) VALUES (180,80,'2016-12-06 18:47:46',8,'6.17');
INSERT INTO "item_price" (item_price_id, item_id, date_added, sale_type_id, item_price) VALUES (181,81,'2016-05-25 15:33:20',7,'3.15');
INSERT INTO "item_price" (item_price_id, item_id, date_added, sale_type_id, item_price) VALUES (182,82,'2017-07-22 17:16:08',7,'0.67');
INSERT INTO "item_price" (item_price_id, item_id, date_added, sale_type_id, item_price) VALUES (183,83,'2017-11-12 20:58:20',1,'9.51');
INSERT INTO "item_price" (item_price_id, item_id, date_added, sale_type_id, item_price) VALUES (184,84,'2017-10-15 02:19:31',5,'7.06');
INSERT INTO "item_price" (item_price_id, item_id, date_added, sale_type_id, item_price) VALUES (185,85,'2017-05-28 21:19:23',3,'7.64');
INSERT INTO "item_price" (item_price_id, item_id, date_added, sale_type_id, item_price) VALUES (186,86,'2016-09-25 05:04:11',2,'9.48');
INSERT INTO "item_price" (item_price_id, item_id, date_added, sale_type_id, item_price) VALUES (187,87,'2017-02-11 03:30:57',3,'5.93');
INSERT INTO "item_price" (item_price_id, item_id, date_added, sale_type_id, item_price) VALUES (188,88,'2016-11-17 09:56:02',1,'4.57');
INSERT INTO "item_price" (item_price_id, item_id, date_added, sale_type_id, item_price) VALUES (189,89,'2016-10-28 21:26:56',7,'7.42');
INSERT INTO "item_price" (item_price_id, item_id, date_added, sale_type_id, item_price) VALUES (190,90,'2016-02-29 17:01:32',5,'5.23');
INSERT INTO "item_price" (item_price_id, item_id, date_added, sale_type_id, item_price) VALUES (191,91,'2017-05-07 21:17:59',4,'2.91');
INSERT INTO "item_price" (item_price_id, item_id, date_added, sale_type_id, item_price) VALUES (192,92,'2017-01-03 21:46:33',1,'2.07');
INSERT INTO "item_price" (item_price_id, item_id, date_added, sale_type_id, item_price) VALUES (193,93,'2015-12-10 07:37:56',8,'1.20');
INSERT INTO "item_price" (item_price_id, item_id, date_added, sale_type_id, item_price) VALUES (194,94,'2017-04-26 08:04:12',8,'5.19');
INSERT INTO "item_price" (item_price_id, item_id, date_added, sale_type_id, item_price) VALUES (195,95,'2015-12-09 17:50:23',4,'8.92');
INSERT INTO "item_price" (item_price_id, item_id, date_added, sale_type_id, item_price) VALUES (196,96,'2016-12-18 12:55:14',6,'2.59');
INSERT INTO "item_price" (item_price_id, item_id, date_added, sale_type_id, item_price) VALUES (197,97,'2016-01-18 18:20:56',4,'0.21');
INSERT INTO "item_price" (item_price_id, item_id, date_added, sale_type_id, item_price) VALUES (198,98,'2017-06-06 14:56:06',8,'6.79');
INSERT INTO "item_price" (item_price_id, item_id, date_added, sale_type_id, item_price) VALUES (199,99,'2016-03-14 15:23:18',3,'2.43');
INSERT INTO "item_price" (item_price_id, item_id, date_added, sale_type_id, item_price) VALUES (200,100,'2017-11-01 18:53:38',2,'6.79');
 
COMMIT; 